{"cameraMode":{"drawMode":0,"name":"Shaded","section":"Shading Mode"},"sceneLighting":true,"audioPlay":false,"sceneViewState":{"showFog":true,"showMaterialUpdate":false,"showSkybox":true,"showFlares":true,"showImageEffects":true,"showParticleSystems":true},"in2DMode":false,"pivot":{"x":-0.01397705078125,"y":0.00689697265625,"z":-0.001861572265625},"rotation":{"x":0.03213319554924965,"y":-0.966867208480835,"z":0.16019301116466523,"w":0.19707806408405305},"size":0.5608047246932983,"orthographic":true}