{"cameraMode":{"drawMode":0,"name":"Shaded","section":"Shading Mode"},"sceneLighting":false,"audioPlay":false,"sceneViewState":{"showFog":true,"showMaterialUpdate":false,"showSkybox":true,"showFlares":true,"showImageEffects":true,"showParticleSystems":true},"in2DMode":false,"pivot":{"x":6.752088665962219e-9,"y":0.047349054366350177,"z":-6.984919309616089e-10},"rotation":{"x":0.18622316420078278,"y":-0.4002631604671478,"z":0.08343788981437683,"w":0.8934150338172913},"size":0.17760081589221955,"orthographic":false}