{"cameraMode":{"drawMode":0,"name":"Shaded","section":"Shading Mode"},"sceneLighting":false,"audioPlay":false,"sceneViewState":{"showFog":true,"showMaterialUpdate":false,"showSkybox":true,"showFlares":true,"showImageEffects":true,"showParticleSystems":true},"in2DMode":false,"pivot":{"x":0.00018296018242835999,"y":-0.9496489763259888,"z":-0.01710200309753418},"rotation":{"x":0.1139904111623764,"y":0.5411125421524048,"z":-0.07432278245687485,"w":0.8298952579498291},"size":0.3248418867588043,"orthographic":false}