{"cameraMode":{"drawMode":0,"name":"Shaded","section":"Shading Mode"},"sceneLighting":true,"audioPlay":false,"sceneViewState":{"showFog":true,"showMaterialUpdate":false,"showSkybox":true,"showFlares":true,"showImageEffects":true,"showParticleSystems":true},"in2DMode":false,"pivot":{"x":-1.00506591796875,"y":-0.192657470703125,"z":0.06439208984375},"rotation":{"x":-0.038790442049503329,"y":-0.9527910947799683,"z":0.13816626369953156,"w":-0.26770761609077456},"size":0.07270203530788422,"orthographic":true}