{"cameraMode":{"drawMode":0,"name":"Shaded","section":"Shading Mode"},"sceneLighting":false,"audioPlay":false,"sceneViewState":{"showFog":true,"showMaterialUpdate":false,"showSkybox":true,"showFlares":true,"showImageEffects":true,"showParticleSystems":true},"in2DMode":false,"pivot":{"x":0.00020536407828330994,"y":0.05635106563568115,"z":-0.01881220191717148},"rotation":{"x":0.08183831721544266,"y":-0.7142481803894043,"z":-0.08454857021570206,"w":-0.6902908682823181},"size":0.3497275114059448,"orthographic":true}