{"cameraMode":{"drawMode":0,"name":"Shaded","section":"Shading Mode"},"sceneLighting":true,"audioPlay":false,"sceneViewState":{"showFog":true,"showMaterialUpdate":false,"showSkybox":true,"showFlares":true,"showImageEffects":true,"showParticleSystems":true},"in2DMode":false,"pivot":{"x":0.0,"y":-1.0379999876022339,"z":-0.6980000138282776},"rotation":{"x":0.20447573065757752,"y":0.5795800089836121,"z":-0.1526736170053482,"w":0.7741344571113586},"size":0.03728994354605675,"orthographic":true}