{"cameraMode":{"drawMode":0,"name":"Shaded","section":"Shading Mode"},"sceneLighting":true,"audioPlay":false,"sceneViewState":{"showFog":true,"showMaterialUpdate":false,"showSkybox":true,"showFlares":true,"showImageEffects":true,"showParticleSystems":true},"in2DMode":false,"pivot":{"x":0.056268803775310519,"y":-0.0010820627212524415,"z":0.0012612342834472657},"rotation":{"x":0.1745883822441101,"y":-0.014481685124337674,"z":0.00253604119643569,"w":0.9845674633979797},"size":2.058091163635254,"orthographic":true}