{"cameraMode":{"drawMode":0,"name":"Shaded","section":"Shading Mode"},"sceneLighting":false,"audioPlay":false,"sceneViewState":{"showFog":true,"showMaterialUpdate":false,"showSkybox":true,"showFlares":true,"showImageEffects":true,"showParticleSystems":true},"in2DMode":false,"pivot":{"x":0.00018296018242835999,"y":-0.8558074831962586,"z":0.3087835907936096},"rotation":{"x":0.039679236710071567,"y":0.9161099791526794,"z":-0.09377770125865936,"w":0.38786545395851138},"size":0.3987416625022888,"orthographic":false}