{"cameraMode":{"drawMode":0,"name":"Shaded","section":"Shading Mode"},"sceneLighting":true,"audioPlay":false,"sceneViewState":{"showFog":true,"showMaterialUpdate":false,"showSkybox":true,"showFlares":true,"showImageEffects":true,"showParticleSystems":true},"in2DMode":false,"pivot":{"x":0.0007010586559772491,"y":0.07816936820745468,"z":-0.01834075152873993},"rotation":{"x":0.24874818325042725,"y":-0.7027660012245178,"z":0.2915951609611511,"w":0.599490761756897},"size":1.0549945831298829,"orthographic":false}