{"cameraMode":{"drawMode":0,"name":"Shaded","section":"Shading Mode"},"sceneLighting":true,"audioPlay":false,"sceneViewState":{"showFog":true,"showMaterialUpdate":false,"showSkybox":true,"showFlares":true,"showImageEffects":true,"showParticleSystems":true},"in2DMode":false,"pivot":{"x":0.46230706572532656,"y":-411.262451171875,"z":-0.6255135536193848},"rotation":{"x":0.08669012784957886,"y":0.9128566384315491,"z":-0.26294979453086855,"w":0.30050206184387209},"size":5.39454984664917,"orthographic":true}