{"cameraMode":{"drawMode":0,"name":"Shaded","section":"Shading Mode"},"sceneLighting":true,"audioPlay":false,"sceneViewState":{"showFog":true,"showMaterialUpdate":false,"showSkybox":true,"showFlares":true,"showImageEffects":true,"showParticleSystems":true},"in2DMode":false,"pivot":{"x":0.11973296105861664,"y":-415.811767578125,"z":2.8665378093719484},"rotation":{"x":-0.06668292731046677,"y":0.6673135161399841,"z":-0.06027714163064957,"w":-0.7394877076148987},"size":98.74815368652344,"orthographic":true}