{"cameraMode":{"drawMode":0,"name":"Shaded","section":"Shading Mode"},"sceneLighting":false,"audioPlay":false,"sceneViewState":{"showFog":true,"showMaterialUpdate":false,"showSkybox":true,"showFlares":true,"showImageEffects":true,"showParticleSystems":true},"in2DMode":false,"pivot":{"x":0.00018296018242835999,"y":-0.8558074831962586,"z":0.3087835907936096},"rotation":{"x":-0.04330435022711754,"y":0.8728631138801575,"z":-0.07876203954219818,"w":-0.47968465089797976},"size":2.498741626739502,"orthographic":false}