{"cameraMode":{"drawMode":0,"name":"Shaded","section":"Shading Mode"},"sceneLighting":false,"audioPlay":false,"sceneViewState":{"showFog":true,"showMaterialUpdate":false,"showSkybox":true,"showFlares":true,"showImageEffects":true,"showParticleSystems":true},"in2DMode":false,"pivot":{"x":-0.21209348738193513,"y":-0.8409727811813355,"z":0.024680983275175096},"rotation":{"x":0.3048577606678009,"y":0.6260530352592468,"z":-0.290970116853714,"w":0.6561562418937683},"size":3.8339481353759767,"orthographic":true}