{"cameraMode":{"drawMode":0,"name":"Shaded","section":"Shading Mode"},"sceneLighting":false,"audioPlay":false,"sceneViewState":{"showFog":true,"showMaterialUpdate":false,"showSkybox":true,"showFlares":true,"showImageEffects":true,"showParticleSystems":true},"in2DMode":false,"pivot":{"x":0.0018069632351398469,"y":0.002796816173940897,"z":0.0021600965410470964},"rotation":{"x":0.3771419823169708,"y":-0.33335763216018679,"z":0.1476803570985794,"w":0.8513856530189514},"size":0.130600243806839,"orthographic":false}