{"cameraMode":{"drawMode":0,"name":"Shaded","section":"Shading Mode"},"sceneLighting":false,"audioPlay":false,"sceneViewState":{"showFog":true,"showMaterialUpdate":false,"showSkybox":true,"showFlares":true,"showImageEffects":true,"showParticleSystems":true},"in2DMode":false,"pivot":{"x":0.0018069632351398469,"y":0.002008876297622919,"z":0.0021600965410470964},"rotation":{"x":0.5237687826156616,"y":-0.17823338508605958,"z":0.11313065141439438,"w":0.8253088593482971},"size":0.1294432282447815,"orthographic":false}