{"cameraMode":{"drawMode":0,"name":"Shaded","section":"Shading Mode"},"sceneLighting":false,"audioPlay":false,"sceneViewState":{"showFog":true,"showMaterialUpdate":false,"showSkybox":true,"showFlares":true,"showImageEffects":true,"showParticleSystems":true},"in2DMode":false,"pivot":{"x":0.00018669292330741882,"y":0.011517226696014405,"z":-0.01710200309753418},"rotation":{"x":-0.011706991121172905,"y":-0.7201848030090332,"z":0.012453513219952584,"w":-0.6939442157745361},"size":0.3179340660572052,"orthographic":true}