{"cameraMode":{"drawMode":0,"name":"Shaded","section":"Shading Mode"},"sceneLighting":true,"audioPlay":false,"sceneViewState":{"showFog":true,"showMaterialUpdate":false,"showSkybox":true,"showFlares":true,"showImageEffects":true,"showParticleSystems":true},"in2DMode":false,"pivot":{"x":-0.001809626817703247,"y":-410.3433837890625,"z":0.4770142138004303},"rotation":{"x":-0.020053619518876077,"y":0.552595853805542,"z":-0.013182415626943112,"w":-0.833152711391449},"size":18.349716186523439,"orthographic":true}