{"cameraMode":{"drawMode":0,"name":"Shaded","section":"Shading Mode"},"sceneLighting":true,"audioPlay":false,"sceneViewState":{"showFog":true,"showMaterialUpdate":false,"showSkybox":true,"showFlares":true,"showImageEffects":true,"showParticleSystems":true},"in2DMode":false,"pivot":{"x":0.0,"y":-409.79986572265627,"z":9.925036430358887},"rotation":{"x":-0.031164085492491723,"y":0.8790287375450134,"z":-0.05813293159008026,"w":-0.4724273979663849},"size":18.901145935058595,"orthographic":true}