{"cameraMode":{"drawMode":0,"name":"Shaded","section":"Shading Mode"},"sceneLighting":true,"audioPlay":false,"sceneViewState":{"showFog":true,"showMaterialUpdate":false,"showSkybox":true,"showFlares":true,"showImageEffects":true,"showParticleSystems":true},"in2DMode":false,"pivot":{"x":-0.033631354570388797,"y":0.11681926250457764,"z":0.5460338592529297},"rotation":{"x":-0.11045335233211518,"y":-0.017569689080119134,"z":-0.0020475443452596666,"w":0.9937806725502014},"size":2.809332847595215,"orthographic":false}