{"cameraMode":{"drawMode":0,"name":"Shaded","section":"Shading Mode"},"sceneLighting":false,"audioPlay":false,"sceneViewState":{"showFog":true,"showMaterialUpdate":false,"showSkybox":true,"showFlares":true,"showImageEffects":true,"showParticleSystems":true},"in2DMode":false,"pivot":{"x":-4.470348358154297e-8,"y":-0.8220070600509644,"z":0.04848527908325195},"rotation":{"x":0.01987464725971222,"y":0.9743387699127197,"z":-0.09529834985733032,"w":0.20309096574783326},"size":1.3411760330200196,"orthographic":false}