{"cameraMode":{"drawMode":0,"name":"Shaded","section":"Shading Mode"},"sceneLighting":true,"audioPlay":false,"sceneViewState":{"showFog":true,"showMaterialUpdate":false,"showSkybox":true,"showFlares":true,"showImageEffects":true,"showParticleSystems":true},"in2DMode":false,"pivot":{"x":0.2407468557357788,"y":-0.15943580865859986,"z":0.29165470600128176},"rotation":{"x":0.19205160439014436,"y":0.3518882989883423,"z":-0.07407188415527344,"w":0.9132027626037598},"size":2.6420624256134035,"orthographic":false}