{"cameraMode":{"drawMode":0,"name":"Shaded","section":"Shading Mode"},"sceneLighting":false,"audioPlay":false,"sceneViewState":{"showFog":true,"showMaterialUpdate":false,"showSkybox":true,"showFlares":true,"showImageEffects":true,"showParticleSystems":true},"in2DMode":false,"pivot":{"x":6.752088665962219e-9,"y":0.04369812458753586,"z":-6.984919309616089e-10},"rotation":{"x":0.2683764398097992,"y":-0.2860783338546753,"z":0.08382508158683777,"w":0.9160481095314026},"size":0.1655929833650589,"orthographic":false}